{"count":1,"self":60.531923199999994,"total":291.0886007,"children":{"InitializeActuators":{"count":1,"self":0.0019554,"total":0.0019554,"children":null},"InitializeSensors":{"count":1,"self":0.0019990999999999997,"total":0.0019990999999999997,"children":null},"AgentSendState":{"count":134317,"self":0.9807954,"total":2.0020962,"children":{"CollectObservations":{"count":26864,"self":0.0259778,"total":0.0259778,"children":null},"WriteActionMask":{"count":26864,"self":0.028943499999999997,"total":0.028943499999999997,"children":null},"RequestDecision":{"count":26864,"self":0.1628764,"total":0.9663795,"children":{"AgentInfo.ToProto":{"count":26864,"self":0.1584034,"total":0.80350309999999991,"children":{"GenerateSensorData":{"count":26864,"self":0.5772054,"total":0.64509969999999994,"children":{"RayPerceptionSensor.Perceive":{"count":26864,"self":0.067894299999999991,"total":0.067894299999999991,"children":null}}}}}}}}},"DecideAction":{"count":134317,"self":227.96623359999998,"total":227.96622219999998,"children":null},"AgentAct":{"count":134317,"self":0.57840249999999993,"total":0.57840249999999993,"children":null},"AgentInfo.ToProto":{"count":205,"self":0.0030050999999999997,"total":0.0040057999999999995,"children":{"GenerateSensorData":{"count":205,"self":0.0010007,"total":0.0010007,"children":{"RayPerceptionSensor.Perceive":{"count":205,"self":0,"total":0,"children":null}}}}}},"gauges":{"JumperAgent.CumulativeReward":{"count":205,"max":-1,"min":-10,"runningAverage":-9.204877,"value":-10,"weightedAverage":-8.417051}},"metadata":{"timer_format_version":"0.1.0","start_time_seconds":"1649941280","unity_version":"2020.3.30f1","command_line_arguments":"C:\\Program Files\\Unity\\Hub\\Editor\\2020.3.30f1\\Editor\\Unity.exe -projectpath D:\\Unity projects\\jumper-assignment-dev-jens\\AI-Jumper-UNITY -useHub -hubIPC -cloudEnvironment production -licensingIpc LicenseClient-jefvd -hubSessionId 30b185b0-bbe8-11ec-acb5-c311a4ece321 -accessToken IzGrMqJYDqeqDGxL5Y1Y6NLUyam6kxDs7brqqCs9154008f","communication_protocol_version":"1.5.0","com.unity.ml-agents_version":"2.0.1","scene_name":"mainScene","end_time_seconds":"1649941571"}}